INSERT INTO Albums(AId,Title,Year,Label,Type)
VALUES
   (1,'Le Pop',2008,'Propeller Recordings','Studio'),
   (2,'A Kiss Before You Go',2011,'Propeller Recordings','Studio'),
   (3,'A Kiss Before You Go: Live in Hamburg',2012,'Universal Music Group','Live'),
   (4,'Rockland',2015,'Propeller Recordings','Studio');

INSERT INTO Band(Id,Firstname,Lastname)
VALUES
   (1,'Solveig','Heilo'),
   (2,'Marianne','Sveen'),
   (3,'Anne-Marit','Bergheim'),
   (4,'Turid','Jorgensen');

INSERT INTO Songs(Id,Title)
VALUES
   (1,'Overture'),
   (2,'A Bar In Amsterdam'),
   (3,'Demon Kitty Rag'),
   (4,'Tea With Cinnamon'),
   (5,'Hey Ho on the Devil\'\'s Back'),
   (6,'Wading in Deeper'),
   (7,'Le Pop'),
   (8,'Der Kapitan'),
   (9,'Virginia Clemm'),
   (10,'Play My Darling,  Play'),
   (11,'To the Sea'),
   (12,'Mother Superior'),
   (13,'Ain\'t no Thang'),
   (14,'A Kiss Before You Go'),
   (15,'I Will Dance (When I Walk Away)'),
   (16,'Cherry Pie'),
   (17,'Land of Confusion'),
   (18,'Lady Marlene'),
   (19,'Rock-Paper-Scissors'),
   (20,'Cocktails and Ruby Slippers'),
   (21,'Soviet Trumpeter'),
   (22,'Loathsome M'),
   (23,'Shepherd\'s Song'),
   (24,'Gypsy Flee'),
   (25,'God\'s Great Dust Storm'),
   (26,'Ouch'),
   (27,'Listening to the World'),
   (28,'Johnny Blowtorch'),
   (29,'Flash'),
   (30,'Driving After You'),
   (31,'My Own Tune'),
   (32,'Badlands'),
   (33,'Old De Spain'),
   (34,'Oh My God'),
   (35,'Lady Gray'),
   (36,'Shine Like Neon Rays'),
   (37,'Flash in the Dark'),
   (38,'My Dear'),
   (39,'Bad Girl'),
   (40,'Rockland'),
   (41,'Curvaceous Needs'),
   (42,'Borka'),
   (43,'Let it Snow');

INSERT INTO Instruments(SongId,Bandmate,Instrument)
VALUES
   (1,1,'trumpet'),
   (1,2,'keyboard'),
   (1,3,'accordion'),
   (1,4,'bass balalaika'),
   (2,1,'trumpet'),
   (2,2,'drums'),
   (2,3,'guitar'),
   (2,4,'bass balalaika'),
   (3,1,'drums'),
   (3,1,'ukalele'),
   (3,2,'banjo'),
   (3,3,'bass balalaika'),
   (3,4,'keyboards'),
   (4,1,'drums'),
   (4,2,'ukalele'),
   (4,3,'accordion'),
   (4,4,'bass balalaika'),
   (5,1,'drums'),
   (5,2,'keyboards'),
   (5,3,'guitar'),
   (5,4,'bass balalaika'),
   (6,1,'xylophone'),
   (6,2,'guitar'),
   (6,3,'keyboards'),
   (6,4,'mandolin'),
   (7,1,'drums'),
   (7,2,'keyboards'),
   (7,3,'guitar'),
   (7,4,'bass balalaika'),
   (8,1,'trumpet'),
   (8,1,'drums'),
   (8,2,'keyboards'),
   (8,3,'accordion'),
   (8,4,'bass balalaika'),
   (9,1,'xylophone'),
   (9,2,'keyboards'),
   (9,3,'bass balalaika'),
   (9,4,'accordion'),
   (10,1,'guitar'),
   (10,1,'harmonica'),
   (10,2,'bass balalaika'),
   (10,3,'mandolin'),
   (10,4,'banjo'),
   (11,1,'bass balalaika'),
   (11,2,'keyboards'),
   (11,3,'accordion'),
   (11,4,'drums'),
   (12,1,'bass balalaika'),
   (12,2,'accordion'),
   (12,3,'keyboards'),
   (12,4,'mandolin'),
   (13,1,'drums'),
   (13,2,'guitar'),
   (13,2,'plastic kazoo'),
   (13,3,'mandolin'),
   (13,4,'bass balalaika'),
   (14,1,'drums'),
   (14,2,'keyboards'),
   (14,3,'keyboards'),
   (14,4,'accordion'),
   (15,1,'guitar'),
   (15,2,'bass balalaika'),
   (15,3,'xylophone'),
   (15,3,'accordion'),
   (15,3,'harmonica'),
   (15,4,'mandolin'),
   (15,4,'drums'),
   (16,1,'washboard'),
   (16,2,'ukalele'),
   (16,3,'banjo'),
   (16,4,'bass balalaika'),
   (17,1,'drums'),
   (17,2,'guitar'),
   (17,3,'keyboards'),
   (17,4,'bass balalaika'),
   (18,1,'keyboards'),
   (18,2,'banjo'),
   (18,3,'keyboards'),
   (18,4,'xylophone'),
   (19,1,'banjo'),
   (19,2,'bass balalaika'),
   (19,3,'mandolin'),
   (19,4,'drums'),
   (19,4,'accordion'),
   (20,1,'keyboards'),
   (20,2,'drums'),
   (20,3,'guitar'),
   (20,4,'bass balalaika'),
   (21,1,'trumpet'),
   (21,1,'keyboards'),
   (21,2,'keyboards'),
   (21,3,'banjo'),
   (21,4,'xylophone'),
   (21,4,'mandoline'),
   (22,1,'guitar'),
   (22,2,'drums'),
   (22,3,'banjo'),
   (22,4,'bass balalaika'),
   (23,1,'domra'),
   (23,2,'ukalele'),
   (23,3,'mandolin'),
   (23,4,'bass balalaika'),
   (24,1,'drums'),
   (24,2,'guitar'),
   (24,3,'keyboards'),
   (24,4,'bass balalaika'),
   (25,1,'drums'),
   (26,1,'drums'),
   (26,2,'guitar'),
   (26,3,'banjo'),
   (26,4,'bass balalaika'),
   (27,1,'drums'),
   (27,2,'guitar'),
   (27,3,'banjo'),
   (27,4,'bass balalaika'),
   (28,1,'drums'),
   (28,2,'bass balalaika'),
   (28,3,'guitar'),
   (28,4,'mandolin'),
   (29,1,'drums'),
   (29,2,'keyboards'),
   (29,3,'guitar'),
   (29,4,'bass balalaika'),
   (30,1,'drums'),
   (30,2,'keyboards'),
   (30,3,'guitar'),
   (30,4,'bass balalaika'),
   (31,1,'drums'),
   (31,2,'guitar'),
   (31,2,'toy piano'),
   (31,3,'ukalele'),
   (31,4,'bass balalaika'),
   (32,1,'guitar'),
   (32,2,'banjo'),
   (32,3,'drums'),
   (32,4,'bass balalaika'),
   (33,1,'ukalele'),
   (33,2,'guitar'),
   (33,3,'banjo'),
   (33,4,'bass balalaika'),
   (34,1,'ukalele'),
   (34,2,'drums'),
   (34,3,'accordion'),
   (34,4,'bass'),
   (35,1,'ukalele'),
   (35,2,'guitar'),
   (35,3,'mandolin'),
   (35,4,'bass'),
   (36,1,'toy piano'),
   (36,1,'ukalele'),
   (36,2,'drums'),
   (36,3,'guitar'),
   (36,4,'bass'),
   (37,1,'drums'),
   (37,2,'keyboards'),
   (37,3,'guitar'),
   (37,4,'bass'),
   (38,1,'drums'),
   (38,2,'bass'),
   (38,3,'guitar'),
   (38,4,'guitar'),
   (39,1,'ukalele'),
   (39,2,'bass'),
   (39,3,'dobro'),
   (39,4,'drums'),
   (39,4,'banjo'),
   (40,1,'guitar'),
   (40,2,'bass'),
   (40,3,'small guitar'),
   (40,4,'accordion'),
   (41,1,'drums'),
   (41,2,'guitar'),
   (41,3,'banjo'),
   (41,4,'bass balalaika'),
   (43,1,'washboard'),
   (43,2,'ukalele'),
   (43,2,'kazoo'),
   (43,3,'banjo'),
   (43,4,'bass balalaika');

INSERT INTO Performance(SongId,Bandmate,StagePosition)
VALUES
   (1,1,'back'),
   (1,2,'left'),
   (1,3,'center'),
   (1,4,'right'),
   (2,1,'center'),
   (2,2,'back'),
   (2,3,'left'),
   (2,4,'right'),
   (3,1,'back'),
   (3,2,'right'),
   (3,3,'center'),
   (3,4,'left'),
   (4,1,'back'),
   (4,2,'center'),
   (4,3,'left'),
   (4,4,'right'),
   (5,1,'back'),
   (5,2,'left'),
   (5,3,'center'),
   (5,4,'right'),
   (6,1,'center'),
   (6,2,'center'),
   (6,3,'left'),
   (6,4,'right'),
   (7,1,'back'),
   (7,2,'left'),
   (7,3,'center'),
   (7,4,'right'),
   (8,1,'back'),
   (8,2,'left'),
   (8,3,'center'),
   (8,4,'right'),
   (9,1,'center'),
   (9,2,'left'),
   (9,3,'right'),
   (9,4,'left'),
   (10,1,'center'),
   (10,2,'center'),
   (10,3,'center'),
   (10,4,'center'),
   (11,1,'right'),
   (11,2,'left'),
   (11,3,'center'),
   (11,4,'back'),
   (12,1,'right'),
   (12,2,'center'),
   (12,3,'left'),
   (12,4,'center'),
   (13,1,'back'),
   (13,2,'center'),
   (13,3,'left'),
   (13,4,'right'),
   (14,1,'back'),
   (14,2,'left'),
   (14,3,'left'),
   (14,4,'center'),
   (15,1,'center'),
   (15,2,'right'),
   (15,3,'left'),
   (15,4,'back'),
   (16,1,'center'),
   (16,2,'center'),
   (16,3,'left'),
   (16,4,'right'),
   (17,1,'back'),
   (17,2,'center'),
   (17,3,'left'),
   (17,4,'right'),
   (18,1,'left'),
   (18,2,'right'),
   (18,3,'left'),
   (18,4,'center'),
   (19,1,'center'),
   (19,2,'right'),
   (19,3,'left'),
   (19,4,'back'),
   (20,1,'left'),
   (20,2,'back'),
   (20,3,'center'),
   (20,4,'right'),
   (21,1,'left'),
   (21,2,'left'),
   (21,3,'left'),
   (21,4,'center'),
   (22,1,'left'),
   (22,2,'back'),
   (22,3,'center'),
   (22,4,'right'),
   (23,1,'center'),
   (23,2,'center'),
   (23,3,'center'),
   (23,4,'center'),
   (24,1,'back'),
   (24,2,'center'),
   (24,3,'left'),
   (24,4,'right'),
   (25,1,'back'),
   (25,2,'center'),
   (25,3,'left'),
   (25,4,'right'),
   (26,1,'back'),
   (26,2,'center'),
   (26,3,'left'),
   (26,4,'right'),
   (27,1,'back'),
   (27,2,'center'),
   (27,3,'left'),
   (27,4,'right'),
   (28,1,'back'),
   (28,2,'right'),
   (28,3,'left'),
   (28,4,'center'),
   (29,1,'back'),
   (29,2,'left'),
   (29,3,'center'),
   (29,4,'right'),
   (30,1,'back'),
   (30,2,'left'),
   (30,3,'center'),
   (30,4,'right'),
   (31,1,'back'),
   (31,2,'center'),
   (31,3,'left'),
   (31,4,'right'),
   (32,1,'center'),
   (32,2,'left'),
   (32,3,'back'),
   (32,4,'right'),
   (33,1,'center'),
   (33,2,'left'),
   (33,3,'center'),
   (33,4,'right'),
   (34,1,'center'),
   (34,2,'back'),
   (34,3,'left'),
   (34,4,'right'),
   (35,1,'center'),
   (35,2,'center'),
   (35,3,'left'),
   (35,4,'right'),
   (36,1,'center'),
   (36,2,'back'),
   (36,3,'left'),
   (36,4,'right'),
   (37,1,'back'),
   (37,2,'left'),
   (37,3,'center'),
   (37,4,'right'),
   (38,1,'back'),
   (38,2,'right'),
   (38,3,'left'),
   (38,4,'center'),
   (39,1,'left'),
   (39,2,'right'),
   (39,3,'center'),
   (39,4,'back'),
   (40,1,'center'),
   (40,2,'right'),
   (40,3,'center'),
   (40,4,'left'),
   (41,1,'back'),
   (41,2,'center'),
   (41,3,'left'),
   (41,4,'right'),
   (42,1,'center'),
   (42,2,'right'),
   (42,3,'left'),
   (42,4,'back'),
   (43,1,'center'),
   (43,2,'center'),
   (43,3,'left'),
   (43,4,'right');

INSERT INTO Tracklists(AlbumId,Position,SongId)
VALUES
   (1,1,1),
   (1,2,2),
   (1,3,3),
   (1,4,4),
   (1,5,5),
   (1,6,6),
   (1,7,7),
   (1,8,8),
   (1,9,9),
   (1,10,10),
   (1,11,11),
   (1,12,12),
   (1,13,13),
   (2,1,14),
   (2,2,15),
   (2,3,16),
   (2,4,17),
   (2,5,18),
   (2,6,19),
   (2,7,20),
   (2,8,21),
   (2,9,22),
   (2,10,23),
   (2,11,24),
   (2,12,25),
   (3,1,14),
   (3,2,26),
   (3,3,3),
   (3,4,15),
   (3,5,11),
   (3,6,19),
   (3,7,18),
   (3,8,16),
   (3,9,12),
   (3,10,17),
   (3,11,22),
   (3,12,20),
   (3,13,2),
   (3,14,5),
   (3,15,8),
   (3,16,7),
   (3,17,25),
   (3,18,13),
   (3,19,24),
   (4,1,33),
   (4,2,41),
   (4,3,34),
   (4,4,35),
   (4,5,31),
   (4,6,36),
   (4,7,30),
   (4,8,37),
   (4,9,38),
   (4,10,39),
   (4,11,40);

INSERT INTO Vocals(SongId,Bandmate,Type)
VALUES
   (2,1,'lead'),
   (2,3,'chorus'),
   (2,4,'chorus'),
   (3,2,'lead'),
   (4,1,'chorus'),
   (4,2,'lead'),
   (4,3,'chorus'),
   (4,4,'chorus'),
   (5,2,'lead'),
   (5,1,'chorus'),
   (5,3,'chorus'),
   (5,4,'chorus'),
   (6,4,'lead'),
   (6,1,'lead'),
   (7,4,'lead'),
   (7,2,'lead'),
   (7,3,'chorus'),
   (8,1,'chorus'),
   (8,2,'chorus'),
   (8,3,'chorus'),
   (8,4,'chorus'),
   (9,1,'lead'),
   (9,3,'chorus'),
   (10,3,'lead'),
   (10,1,'chorus'),
   (10,2,'chorus'),
   (11,1,'chorus'),
   (11,2,'chorus'),
   (11,3,'lead'),
   (11,4,'chorus'),
   (12,1,'chorus'),
   (12,2,'chorus'),
   (12,3,'chorus'),
   (12,4,'lead'),
   (13,2,'lead'),
   (13,1,'chorus'),
   (13,3,'chorus'),
   (14,4,'lead'),
   (15,1,'lead'),
   (15,2,'chorus'),
   (15,3,'chorus'),
   (15,4,'chorus'),
   (16,1,'shared'),
   (16,2,'shared'),
   (16,3,'chorus'),
   (16,4,'chorus'),
   (17,2,'lead'),
   (18,3,'lead'),
   (19,1,'lead'),
   (19,3,'chorus'),
   (20,3,'lead'),
   (20,4,'chorus'),
   (20,1,'chorus'),
   (21,1,'lead'),
   (21,4,'chorus'),
   (22,1,'chorus'),
   (22,2,'shared'),
   (22,3,'chorus'),
   (22,4,'lead'),
   (23,1,'chorus'),
   (23,2,'lead'),
   (23,3,'chorus'),
   (23,4,'chorus'),
   (24,1,'chorus'),
   (24,2,'chorus'),
   (24,3,'chorus'),
   (24,4,'chorus'),
   (25,1,'chorus'),
   (25,2,'lead'),
   (25,3,'chorus'),
   (25,4,'chorus'),
   (26,2,'lead'),
   (26,1,'chorus'),
   (26,3,'chorus'),
   (26,4,'chorus'),
   (27,4,'lead'),
   (28,4,'lead'),
   (28,3,'chorus'),
   (29,3,'lead'),
   (29,4,'chorus'),
   (30,2,'lead'),
   (31,3,'shared'),
   (31,4,'shared'),
   (31,4,'rap'),
   (32,1,'shared'),
   (32,2,'shared'),
   (33,1,'chorus'),
   (33,2,'chorus'),
   (33,3,'lead'),
   (33,4,'chorus'),
   (34,1,'shared'),
   (34,3,'shared'),
   (34,4,'chorus'),
   (35,1,'chorus'),
   (35,2,'lead'),
   (35,3,'chorus'),
   (35,4,'chorus'),
   (36,1,'lead'),
   (36,3,'chorus'),
   (36,4,'chorus'),
   (37,1,'chorus'),
   (37,2,'chorus'),
   (37,3,'lead'),
   (37,4,'chorus'),
   (38,1,'chorus'),
   (38,2,'chorus'),
   (38,3,'chorus'),
   (38,4,'lead'),
   (39,1,'lead'),
   (39,3,'chorus'),
   (40,1,'chorus'),
   (40,2,'chorus'),
   (40,3,'lead'),
   (40,4,'chorus'),
   (41,1,'chorus'),
   (41,2,'lead'),
   (41,3,'chorus'),
   (41,4,'chorus'),
   (42,1,'lead'),
   (42,2,'chorus'),
   (42,3,'chorus'),
   (42,4,'chorus'),
   (43,1,'chorus'),
   (43,2,'lead'),
   (43,4,'chorus');
